EXCHANGE_CODE,Exch Name,SDCA,DE,SDE,SDE Name,SDE Mobile
CHTBKT,B KOTHA KOTA,B.KOTHAKOTA,DE MDP,SDE(G) MDP,SREENIVASULU MALLELA,9490446404
CHTBKK,BURAKAYALAKOTA,B.KOTHAKOTA,DE MDP,SDE(G) MDP,SREENIVASULU MALLELA,9490446404
CHTMKC,MULAKALACHERUVU,B.KOTHAKOTA,DE MDP,SDE(G) MDP,SREENIVASULU MALLELA,9490446404
CHTPTS,PEDDATHIPPASAMUDRAM,B.KOTHAKOTA,DE MDP,SDE(G) MDP,SREENIVASULU MALLELA,9490446404
CHTAGD,ARAGONDA,BANGARUPALEM,DE PMN,SDE(G) BGP,RAMASWAMY VUDAYAGIRI,9419020203
CHTBGP,BANGARUPALEM,BANGARUPALEM,DE PMN,SDE(G) BGP,RAMASWAMY VUDAYAGIRI,9419020203
CHTIRA,IRALA,BANGARUPALEM,DE PMN,SDE(G) BGP,RAMASWAMY VUDAYAGIRI,9419020203
CHTKNI,KANIPAKAM,BANGARUPALEM,DE PMN,SDE(G) BGP,RAMASWAMY VUDAYAGIRI,9419020203
CHTYSG,YS GATE,BANGARUPALEM,DE PMN,SDE(G) BGP,RAMASWAMY VUDAYAGIRI,9419020203
CHTAPT,AIRPORT-RENIGUNTA,CHANDRAGIRI,DE TRP,SDE(OD-1),BALAJI KALIKIRI,9440879399
CHTALP,ALIPIRI RSU,CHANDRAGIRI,DE TRP,SDE(OD-3),VENKATARAMAN R,9481815949
CHTBAL,BALAJI COLONY RSU,CHANDRAGIRI,DE TRP,SDE(OD-3),VENKATARAMAN R,9481815949
CHTCDR,CHANDRAGIRI,CHANDRAGIRI,DE TRP,SDE(OD-2),MALLAM PRABHAKAR REDDY,9490000316
CHTDSM,DURGASAMUDRAM,CHANDRAGIRI,DE TRP,SDE(OD-2),MALLAM PRABHAKAR REDDY,9490000316
CHTGJM,GAJULAMANDYAM,CHANDRAGIRI,DE TRP,SDE(OD-1),BALAJI KALIKIRI,9440879399
CHTKVP,KANDULAVARIPALLI,CHANDRAGIRI,DE TRP,SDE(OD-2),MALLAM PRABHAKAR REDDY,9490000316
CHTKRB,KARAKAMBADI,CHANDRAGIRI,DE TRP,SDE(OD-1),BALAJI KALIKIRI,9440879399
CHTKGT,KORLAGUNTA RSU,CHANDRAGIRI,DE TRP,SDE(OD-1),BALAJI KALIKIRI,9440879399
CHTTUD,OCBRLU2 TUDA,CHANDRAGIRI,DE TRP,SDE(OD-2),MALLAM PRABHAKAR REDDY,9490000316
CHTPPM,PADMAVATHI PURAM - OCB RSU,CHANDRAGIRI,DE TRP,SDE(OD-2),MALLAM PRABHAKAR REDDY,9490000316
CHTREN,RENIGUNTA,CHANDRAGIRI,DE TRP,SDE(OD-1),BALAJI KALIKIRI,9440879399
CHTTUL,TIRUMALA,CHANDRAGIRI,DE TRP,SDE(OD-3),VENKATARAMAN R,9481815949
CHTTRP,TIRUPATI,CHANDRAGIRI,DE TRP,SDE(OD-1),BALAJI KALIKIRI,9440879399
CHTTTD,TIRUPATI - TTD RLU,CHANDRAGIRI,DE TRP,SDE(OD-3),VENKATARAMAN R,9481815949
CHTVNR,VIDYANAGAR OCB RSU,CHANDRAGIRI,DE TRP,SDE(OD-2),MALLAM PRABHAKAR REDDY,9490000316
CHTBMS,BOMMASAMUDRAM,CHITTOOR-R,DE PMN,SDOT CTR,SRINIVASARAO KATTA,9494415644
CHTGNN,GANGADHARA NELLORE,CHITTOOR-R,DE PMN,SDOT CTR,SRINIVASARAO KATTA,9494415644
CHTNHP,NARAHARIPETA,CHITTOOR-R,DE PMN,SDOT CTR,SRINIVASARAO KATTA,9494415644
CHTNST,NARASINGARAYANIPETA,CHITTOOR-R,DE PMN,SDOT CTR,SRINIVASARAO KATTA,9494415644
CHTPKK,P KOTHAKOTA,CHITTOOR-R,DE PMN,SDOT CTR,SRINIVASARAO KATTA,9494415644
CHTPUU,PENUMURU,CHITTOOR-R,DE PMN,SDOT CTR,SRINIVASARAO KATTA,9494415644
CHTPMA,PETAMITTA,CHITTOOR-R,DE PMN,SDOT CTR,SRINIVASARAO KATTA,9494415644
CHTPTX,PUTHALAPATTU,CHITTOOR-R,DE PMN,SDOT CTR,SRINIVASARAO KATTA,9494415644
CHTTGD,THUNGUNDRAM,CHITTOOR-R,DE PMN,SDOT CTR,SRINIVASARAO KATTA,9494415644
CHTYDN,YADAMARRI,CHITTOOR-R,DE PMN,SDOT CTR,SRINIVASARAO KATTA,9494415644
CHTCTR,CHITTOOR,CHITTOOR-U,DE PMN,SDOP CTR,SURESH BABU J N,9490180180
CHTGPT,GREAMSPETCHITTOOR,CHITTOOR-U,DE PMN,SDOP CTR,SURESH BABU J N,9490180180
CHTKMC,KATTAMANCHI RSU,CHITTOOR-U,DE PMN,SDOP CTR,SURESH BABU J N,9490180180
CHTSPT,SANTHAPET RSU,CHITTOOR-U,DE PMN,SDOP CTR,SURESH BABU J N,9490180180
CHTGUD,GUDUPALLI,KUPPAM,DE PMN,SDE KUP,BALASARAVANA ,9440000907
CHTKUP,KUPPAM,KUPPAM,DE PMN,SDE KUP,BALASARAVANA ,9440000907
CHTPES,PES MEDICAL COLLEGE,KUPPAM,DE PMN,SDE KUP,BALASARAVANA ,9440000907
CHTSTP,SANTHIPURAM,KUPPAM,DE PMN,SDE KUP,BALASARAVANA ,9440000907
CHTCTS,CHINNATHIPPASAMUDRAM,MADANAPALLI,DE MDP,SDE(G) MDP,SREENIVASULU MALLELA,9490446404
CHTKCL,KALICHERLA,MADANAPALLI,DE MDP,SDE(G) MDP,SREENIVASULU MALLELA,9490446404
CHTKBK,KURABALAKOTA,MADANAPALLI,DE MDP,SDE(G) MDP,SREENIVASULU MALLELA,9490446404
CHTMDP,MADANAPALLI,MADANAPALLI,DE MDP,SDE(P) MDP,SIVA KUMAR KASINDLA,9490182193
CHTMLL,MADANAPALLI RLU,MADANAPALLI,DE MDP,SDE(P) MDP,SIVA KUMAR KASINDLA,9490182193
CHTNIP,NIMMANAPALLI,MADANAPALLI,DE MDP,SDE(G) MDP,SREENIVASULU MALLELA,9490446404
CHTTBP,THAMBALAPALLI,MADANAPALLI,DE MDP,SDE(G) MDP,SREENIVASULU MALLELA,9490446404
CHTDCR,DAMALACHERUVU,PAKALA,DE PMN,SDOT CTR,SRINIVASARAO KATTA,9494415644
CHTGDK,GADANKI,PAKALA,DE PMN,SDOT CTR,SRINIVASARAO KATTA,9494415644
CHTKLR,KALLURU,PAKALA,DE PMN,SDOT CTR,SRINIVASARAO KATTA,9494415644
CHTPAK,PAKALA,PAKALA,DE PMN,SDOT CTR,SRINIVASARAO KATTA,9494415644
CHTPLA,PULICHERLA,PAKALA,DE PMN,SDOT CTR,SRINIVASARAO KATTA,9494415644
CHTBRP,BAIREDDIPALLI,PALAMANER,DE PMN,SDE PMN,BOJJA VIJAYA KUMAR,9433000489
CHTKUL,KALLUPALLI,PALAMANER,DE PMN,SDE PMN,BOJJA VIJAYA KUMAR,9433000489
CHTPMN,PALAMANER,PALAMANER,DE PMN,SDE PMN,BOJJA VIJAYA KUMAR,9433000489
CHTBPT,BAKARAPETA,PILER,DE MDP,SDE(G) PLR,VENKATACHALAPATHI GAJULA,9490182188
CHTCGG,CHINNAGOTTIGALLU,PILER,DE MDP,SDE(G) PLR,VENKATACHALAPATHI GAJULA,9490182188
CHTNBL,NERABAILU,PILER,DE MDP,SDE(G) PLR,VENKATACHALAPATHI GAJULA,9490182188
CHTPLR,PILER,PILER,DE MDP,SDE(P) PLR,JALLA SREENIVASULU,9441409339
CHTRPC,ROMPICHERLA,PILER,DE MDP,SDE(G) PLR,VENKATACHALAPATHI GAJULA,9490182188
CHTTPA,TALUPULA,PILER,DE MDP,SDE(G) PLR,VENKATACHALAPATHI GAJULA,9490182188
CHTYPL,YERRAVARIPALEM,PILER,DE MDP,SDE(G) PLR,VENKATACHALAPATHI GAJULA,9490182188
CHTCBK,CHEMBAKUR,PUNGANUR,DE PMN,SDE/JTO PGR,UDAYABHASKAR PIDATHALA,9440277721
CHTCDP,CHOWDEPALLI,PUNGANUR,DE PMN,SDE/JTO PGR,UDAYABHASKAR PIDATHALA,9440277721
CHTGJV,GAJJALAVARIPALLI,PUNGANUR,DE PMN,SDE/JTO PGR,UDAYABHASKAR PIDATHALA,9440277721
CHTKCP,K.C.PALLI,PUNGANUR,DE PMN,SDE/JTO PGR,UDAYABHASKAR PIDATHALA,9440277721
CHTPGR,PUNGANUR,PUNGANUR,DE PMN,SDE/JTO PGR,UDAYABHASKAR PIDATHALA,9440277721
CHTRSD,RAMASAMUDRAM,PUNGANUR,DE PMN,SDE/JTO PGR,UDAYABHASKAR PIDATHALA,9440277721
CHTRLP,RAYALAPETA,PUNGANUR,DE PMN,SDE/JTO PGR,UDAYABHASKAR PIDATHALA,9440277721
CHTBGA,BUGGAAGRAHARAM,PUTTUR,DE PUT,SDE EKM,DINESH KUMAR KASA,9492075595
CHTEKM,EKAMBARAKUPPAM,PUTTUR,DE PUT,SDE EKM,DINESH KUMAR KASA,9492075595
CHTKMP,KAMMAPALLI,PUTTUR,DE PUT,SDE PUT,DILIP KUMAR DOMMARAJU,9490194174
CHTKVN,KARIVETINAGARAM,PUTTUR,DE PUT,SDE PUT,DILIP KUMAR DOMMARAJU,9490194174
CHTKYM,KAYAM,PUTTUR,DE PUT,SDE PUT,DILIP KUMAR DOMMARAJU,9490194174
CHTKUB,KUPPAMBADUR,PUTTUR,DE PUT,SDE PUT,DILIP KUMAR DOMMARAJU,9490194174
CHTNVM,NARAYANAVANAM,PUTTUR,DE PUT,SDE PUT,DILIP KUMAR DOMMARAJU,9490194174
CHTNKM,NETHAKUPPAM,PUTTUR,DE PUT,SDE PUT,DILIP KUMAR DOMMARAJU,9490194174
CHTPCK,PACHIKAPALEM,PUTTUR,DE PUT,SDE PUT,DILIP KUMAR DOMMARAJU,9490194174
CHTPMG,PALAMANGALAM,PUTTUR,DE PUT,SDE PUT,DILIP KUMAR DOMMARAJU,9490194174
CHTPUT,PUTTUR,PUTTUR,DE PUT,SDE PUT,DILIP KUMAR DOMMARAJU,9490194174
CHTVMP,VADAMALAPETA,PUTTUR,DE PUT,SDE PUT,DILIP KUMAR DOMMARAJU,9490194174
CHTVRK,VENGALARAJUKUPPAM,PUTTUR,DE PUT,SDE EKM,DINESH KUMAR KASA,9492075595
CHTRPP,CHTRPP,PUTTUR,DE PUT,SDE PUT,DILIP KUMAR DOMMARAJU,9490194174
CHTIRU,IRUGULAM,SATYAVEDU,DE PUT,SDE STV,DILLI BABU B,9490182008
CHTNLP,NAGALAPURAM,SATYAVEDU,DE PUT,SDE STV,DILLI BABU B,9490182008
CHTPCT,PICHATURU,SATYAVEDU,DE PUT,SDE STV,DILLI BABU B,9490182008
CHTSTU,SATYAVEDU,SATYAVEDU,DE PUT,SDE STV,DILLI BABU B,9490182008
CHTVDY,VARADAYYAPALEM,SATYAVEDU,DE PUT,SDE STV,DILLI BABU B,9490182008
CHTSOD,SODAM,SODAM,DE MDP,SDE(P) PLR,JALLA SREENIVASULU,9441409339
CHTSOM,SOMALA,SODAM,DE MDP,SDE(P) PLR,JALLA SREENIVASULU,9441409339
CHTBKG,B N KANDRIGA,SRIKALAHASTI,DE PUT,SDE SKHT,DILLI BABU B,9490182008
CHTMNV,BHEL MANNAVARAM,SRIKALAHASTI,DE PUT,SDE SKHT,DILLI BABU B,9490182008
CHTKVB,K V B PURAM,SRIKALAHASTI,DE PUT,SDE SKHT,DILLI BABU B,9490182008
CHTLAN,LANCO EXCHANGE,SRIKALAHASTI,DE PUT,SDE SKHT,DILLI BABU B,9490182008
CHTPPN,PAPANAYUDUPETA,SRIKALAHASTI,DE PUT,SDE SKHT,DILLI BABU B,9490182008
CHTSKH,SRIKALAHASTI,SRIKALAHASTI,DE PUT,SDE SKHT,DILLI BABU B,9490182008
CHTSNC,SRIRAMNAGAR COLONY RSU,SRIKALAHASTI,DE PUT,SDE SKHT,DILLI BABU B,9490182008
CHTYPD,YERPEDU,SRIKALAHASTI,DE PUT,SDE SKHT,DILLI BABU B,9490182008
CHTCPR,CHINNAPANDURU,SRIKALAHASTI,DE PUT,SDE SKHT,DILLI BABU B,9490182008
CHTCTY,CHINTAPARTHY,VAYALPADU,DE MDP,SDE VYP,VENKATACHALAPATHI GAJULA,9490182188
CHTGMK,GURRAMKONDA,VAYALPADU,DE MDP,SDE VYP,VENKATACHALAPATHI GAJULA,9490182188
CHTKLD,KALAKADA,VAYALPADU,DE MDP,SDE VYP,VENKATACHALAPATHI GAJULA,9490182188
CHTKLI,KALIKIRI,VAYALPADU,DE MDP,SDE VYP,VENKATACHALAPATHI GAJULA,9490182188
CHTMAH,MAHAL,VAYALPADU,DE MDP,SDE VYP,VENKATACHALAPATHI GAJULA,9490182188
CHTTGN,TARIGONDA,VAYALPADU,DE MDP,SDE VYP,VENKATACHALAPATHI GAJULA,9490182188
CHTVYP,VAYALPADU,VAYALPADU,DE MDP,SDE VYP,VENKATACHALAPATHI GAJULA,9490182188
CHTRKU,RAMAKUPPAM,VENKATAGIRIKOTA,DE PMN,SDE(G) VGT,B PRADEEP,9449001582
CHTVGT,VENKATAGIRIKOTA,VENKATAGIRIKOTA,DE PMN,SDE(G) VGT,B PRADEEP,9449001582
